{
  "disease_class": "Potato___Early_Blight",
  "confidence_score": 0.9702,
  "attention_matrix": [
    [
      0.5623862743377686,
      0.4177868068218231,
      0.5790885090827942,
      0.5210849046707153,
      0.42961326241493225,
      0.5619196891784668,
      0.3307371437549591,
      0.15565894544124603,
      0.3126777410507202,
      0.48815223574638367,
      0.5875812768936157,
      0.6476070284843445,
      0.8603323698043823,
      0.9999979138374329
    ],
    [
      0.28079673647880554,
      0.2966509461402893,
      0.2559279501438141,
      0.12201788276433945,
      0.26680341362953186,
      0.37183812260627747,
      0.37077057361602783,
      0.05470287427306175,
      0.07918204367160797,
      0.11278638243675232,
      0.3202512860298157,
      0.4110864996910095,
      0.32609185576438904,
      0.4824732840061188
    ],
    [
      0.23048685491085052,
      0.6035011410713196,
      0.27121296525001526,
      0.21162356436252594,
      0.34739482402801514,
      0.34504374861717224,
      0.19712984561920166,
      0.02419152669608593,
      0.02787715010344982,
      0.09589067101478577,
      0.15152229368686676,
      0.5168293714523315,
      0.467247873544693,
      0.8660237193107605
    ],
    [
      0.2383313924074173,
      0.21205176413059235,
      0.1758100390434265,
      0.12805788218975067,
      0.33625277876853943,
      0.21540579199790955,
      0.272205650806427,
      0.13409791886806488,
      0.15948866307735443,
      0.25814008712768555,
      0.13688284158706665,
      0.6037850379943848,
      0.5654423236846924,
      0.32154175639152527
    ],
    [
      0.10144595801830292,
      0.18846547603607178,
      0.2004881650209427,
      0.2083379328250885,
      0.05876203998923302,
      0.15611395239830017,
      0.35081130266189575,
      0.10290386527776718,
      0.135443776845932,
      0.13182441890239716,
      0.275235116481781,
      0.2560831308364868,
      0.18419310450553894,
      0.3038676083087921
    ],
    [
      0.24793249368667603,
      0.17028912901878357,
      0.12347742915153503,
      0.08447570353746414,
      0.08873476833105087,
      0.14956802129745483,
      0.15949459373950958,
      0.4077831506729126,
      0.27643027901649475,
      0.19853922724723816,
      0.2717888355255127,
      0.20051312446594238,
      0.18869023025035858,
      0.30953022837638855
    ],
    [
      0.32864683866500854,
      0.2809258699417114,
      0.26194998621940613,
      0.18255367875099182,
      0.05106019973754883,
      0.20329411327838898,
      0.36087295413017273,
      0.23370979726314545,
      0.30666592717170715,
      0.33436715602874756,
      0.08605208992958069,
      0.11859843134880066,
      0.18526634573936462,
      0.29436323046684265
    ],
    [
      0.3139909505844116,
      0.27492448687553406,
      0.24544893205165863,
      0.1873469352722168,
      0.17948748171329498,
      0.05518593639135361,
      0.34503278136253357,
      0.3267196714878082,
      0.29167941212654114,
      0.2734299600124359,
      0.1995297074317932,
      0.11021536588668823,
      0.25940820574760437,
      0.3704412281513214
    ],
    [
      0.2532191872596741,
      0.0998934805393219,
      0.16603916883468628,
      0.13992935419082642,
      0.27583810687065125,
      0.38621899485588074,
      0.3356691002845764,
      0.24360612034797668,
      0.34924885630607605,
      0.1794533133506775,
      0.19275876879692078,
      0.275948166847229,
      0.29497888684272766,
      0.23864181339740753
    ],
    [
      0.18468831479549408,
      0.191911980509758,
      0.23771235346794128,
      0.14651523530483246,
      0.06555311381816864,
      0.23405338823795319,
      0.3423376977443695,
      0.028946762904524803,
      0.20051048696041107,
      0.17723216116428375,
      0.10146010667085648,
      0.35327959060668945,
      0.4107748866081238,
      0.33589261770248413
    ],
    [
      0.07880889624357224,
      0.0364762544631958,
      0.11028542369604111,
      0.022929636761546135,
      0.1764237880706787,
      0.07056251168251038,
      0.10861864686012268,
      0.11703130602836609,
      0.19989438354969025,
      0.0929621011018753,
      0.30965808033943176,
      0.345750093460083,
      0.8704501390457153,
      0.42060035467147827
    ],
    [
      0.2363005429506302,
      0.16531763970851898,
      0.2830566167831421,
      0.08091095834970474,
      0.09161161631345749,
      0.013749460689723492,
      0.011475854553282261,
      0.04847298935055733,
      0.4143620729446411,
      0.42934292554855347,
      0.6445668339729309,
      0.3202882409095764,
      0.5489571690559387,
      0.48297572135925293
    ],
    [
      0.22791787981987,
      0.23787906765937805,
      0.1008448600769043,
      0.18921510875225067,
      0.0,
      0.2794652283191681,
      0.2885560989379883,
      0.1086498349905014,
      0.47253382205963135,
      0.30912473797798157,
      0.28602057695388794,
      0.47235244512557983,
      0.33038944005966187,
      0.4386577606201172
    ],
    [
      0.7154474258422852,
      0.23202846944332123,
      0.4316239356994629,
      0.2310059368610382,
      0.23107923567295074,
      0.407982736825943,
      0.2114648073911667,
      0.5792112946510315,
      0.6927563548088074,
      0.6011124849319458,
      0.6361132860183716,
      0.8063480257987976,
      0.7641977667808533,
      0.8803414702415466
    ]
  ],
  "is_ambiguous": false
}